URL,Last crawled
https://www.moviesforyou.tech/teri_meri_jodi_2019,2021-09-13
https://www.moviesforyou.tech/vadhayiyaan_ji_vadhayiyaan_2018_punjabi_720p,2021-09-11
https://www.moviesforyou.tech/jinde_meriye_2020_punjabi_720p,2021-09-11
https://www.moviesforyou.tech/the_furies_2019_hindi_dubbed_720p,2021-09-11
https://www.moviesforyou.tech/Sarpatta_Parambarai_2021_Unofficial_Hindi_Dubbed_720p,2021-09-11
https://www.moviesforyou.tech/lai_lag_2020_punjabi_1080p,2021-09-10
https://www.moviesforyou.tech/mare_gaye_oye_loko_2018,2021-09-10
https://www.moviesforyou.tech/mimi_2021,2021-09-07
https://www.moviesforyou.tech/Johar_2021_Hindi_Dubbed_720p,2021-09-06
https://www.moviesforyou.tech/nankana_2018_punjabi_720p,2021-09-06
https://www.moviesforyou.tech/Space_Jam_A_New_Legacy_2021_Hindi_Dubbed_720p,2021-09-06
https://www.moviesforyou.tech/siyasat_2021_punjabi_720p,2021-09-06
https://www.moviesforyou.tech/What_If_2021_EP_1_Unofficial_Hindi_Dubbed_Season_1_720p,2021-09-04
https://www.moviesforyou.tech/The_Conjuring_3_The_Devil_Made_Me_Do_It_2021_Hindi_Dubbed_720p,2021-09-03
https://www.moviesforyou.tech/Bigg_Boss_OTT_2021_EP_13_Hindi_Season_1_720p,2021-09-03
https://www.moviesforyou.tech/Sitapur_The_City_of_Gangsters_2021_Hindi_720p,2021-09-02
https://www.moviesforyou.tech/Bigg_Boss_OTT_2021_EP_12_Hindi_Season_1_720p,2021-09-02
https://www.moviesforyou.tech/chubare_wali_baari_2021_punjabi_720p,2021-09-01
https://www.moviesforyou.tech/jind_jaan_2019_punjabi_720p,2021-08-31
https://www.moviesforyou.tech/The_Miniaturist_of_Junagadh_2021_Hindi_720p,2021-08-31
https://www.moviesforyou.tech/gandhi_fer_aa_gea_2020_punjabi_720p,2021-08-31
https://www.moviesforyou.tech/Happy_Hardy_And_Heer_2020_Hindi_720p,2021-08-31
https://www.moviesforyou.tech/Stillwater_2021_English_720p,2021-08-31
https://www.moviesforyou.tech/Shershaah_2021_Hindi_720p,2021-08-29
https://www.moviesforyou.tech/The_Kissing_Booth_3_2021_Hindi_Dubbed_Original_720p,2021-08-29
https://www.moviesforyou.tech/Dhoop_Ki_Deewar_2021_EP_9-18_Hindi_Season_1_Complete_720p,2021-08-29
https://www.moviesforyou.tech/The_Suicide_Squad_2021_Hindi_Dubbed_720p,2021-08-29
https://www.moviesforyou.tech/Go!_Go!_Cory_Carson_2021_Hindi_Dubbed_Season_5_Complete_720p,2021-08-29
https://www.moviesforyou.tech/Beirut_2018_Hindi_Dubbed_720p,2021-08-29
https://www.moviesforyou.tech/Forbidden_Ground_2013_Hindi_Dubbed_720p,2021-08-29
https://www.moviesforyou.tech/Brand_New_Cherry_Flavor_2021_Hindi_Dubbed_Season_1_Complete_720p,2021-08-29
https://www.moviesforyou.tech/Cartel_2021_Hindi_Season_1_Complete_720p,2021-08-29
https://www.moviesforyou.tech/What_If_2021_EP_2_Unofficial_Hindi_Dubbed_Season_1_720p,2021-08-28
https://www.moviesforyou.tech/Aur_Kya_Chahiye_2021_Hindi_Season_3_Complete_720p,2021-08-28
https://www.moviesforyou.tech/Resort_to_Love_2021_Hindi_Dubbed_720p,2021-08-28
https://www.moviesforyou.tech/Kaali_Peeli_Tales_2021_Hindi_Season_1_Complete_720p,2021-08-28
https://www.moviesforyou.tech/Mirugaa_2021_Unofficial_Hindi_Dubbed_720p,2021-08-28
https://www.moviesforyou.tech/Dial_100_2021_Hindi_720p,2021-08-28
https://www.moviesforyou.tech/Fire_in_the_Mountains_2021_Hindi_720p,2021-08-28
https://www.moviesforyou.tech/Raya_and_the_Last_Dragon_2021_Hindi_Dubbed_720p,2021-08-27
https://www.moviesforyou.tech/Shantit_Kranti_2021_Hindi_Season_1_Complete_720p,2021-08-26
https://www.moviesforyou.tech/NGK_2021_Unofficial_Hindi_Dubbed_720p,2021-08-26
https://www.moviesforyou.tech/Bigg_Boss_OTT_2021_EP_9_Hindi_Season_1_720p,2021-08-26
https://www.moviesforyou.tech/Anastasia_2019_Hindi_Dubbed_720p,2021-08-26
https://www.moviesforyou.tech/Ravindranath_Yaha_Kabhi_Nahi_Aaye_2021_Hindi_Season_1_Complete_720p,2021-08-26
https://www.moviesforyou.tech/G_-_Zombie_2021_Unofficial_Hindi_Dubbed_720p,2021-08-26
https://www.moviesforyou.tech/City_of_Dreams_2021_Hindi_Season_2_Complete_720p,2021-08-26
https://www.moviesforyou.tech/Wo_Ek_Din_Anukokunda_Oka_Roju_2021_Hindi_Dubbed_720p,2021-08-26
https://www.moviesforyou.tech/The_Last_Mercenary_2021_Hindi_Dubbed_720p,2021-08-26
https://www.moviesforyou.tech/Villu_2009_Hindi_Dubbed_720p,2021-08-26
https://www.moviesforyou.tech/Chhote_Ustaad_2021_Hindi_720p,2021-08-26
https://www.moviesforyou.tech/Jungle_Cruise_2021_Hindi_Dubbed_720p,2021-08-26
https://www.moviesforyou.tech/Nobody_2021_Hindi_Dubbed_720p,2021-08-26
https://www.moviesforyou.tech/The_Loud_House_2021_Hindi_Dubbed_720p,2021-08-26
https://www.moviesforyou.tech/unni_ikki_2019_punjabi_720p,2021-08-26
https://www.moviesforyou.tech/happy_happy_ho_gaya_2021_punjabi_720p,2021-08-26
https://www.moviesforyou.tech/Bigg_Boss_OTT_2021_EP_5_Hindi_Season_1_720p,2021-08-25
https://www.moviesforyou.tech/Toofaan_2021_Hindi_720p,2021-08-25
https://www.moviesforyou.tech/Fear_Street_Part_3_1666_2021_Hindi_Dubbed_720p,2021-08-25
https://www.moviesforyou.tech/Dackalti_Dagaalty_2021_Hindi_Dubbed_720p,2021-08-25
https://www.moviesforyou.tech/Sweet_Girl_2021_Hindi_Dubbed_720p,2021-08-25
https://www.moviesforyou.tech/Canopy_2013_Hindi_Dubbed_720p,2021-08-25
https://www.moviesforyou.tech/Never_Have_I_Ever_2021_Hindi_Season_2_720p,2021-08-25
https://www.moviesforyou.tech/Wrath_of_Man_2021_Original_Hindi_Dubbed_720p,2021-08-25
https://www.moviesforyou.tech/Bigg_Boss_OTT_2021_EP_8_Hindi_Season_1_720p,2021-08-25
https://www.moviesforyou.tech/Zombie_Reddy_2021_Hindi_Dubbed_720p,2021-08-25
https://www.moviesforyou.tech/Luca_2021_Hindi_Dubbed_720p,2021-08-25
https://www.moviesforyou.tech/Break_2019_Hindi_Dubbed_720p,2021-08-25
https://www.moviesforyou.tech/Bigg_Boss_OTT_2021_EP_10_Hindi_Season_1_720p,2021-08-25
https://www.moviesforyou.tech/Badnaam_2021_Hindi_720p,2021-08-25
https://www.moviesforyou.tech/Jungle_Cruise_2021_English_720p,2021-08-25
https://www.moviesforyou.tech/Spiral_2021_Hindi_Dubbed_720p,2021-08-25
https://www.moviesforyou.tech/Bigg_Boss_OTT_2021_EP_11_Hindi_Season_1_720p,2021-08-25
https://www.moviesforyou.tech/Siddhu_The_Warrior_2021_720P,2021-08-25
https://www.moviesforyou.tech/Boonie_Bears_The_Wild_Life_2021_English_720p,2021-08-25
https://www.moviesforyou.tech/200_Halla_Ho_2021_Hindi_720p,2021-08-25
https://www.moviesforyou.tech/Beckett_2021_Hindi_Dubbed_720p[,2021-08-25
https://www.moviesforyou.tech/Stillwater_2021_Unofficial_Hindi_Dubbed_720p,2021-08-25
https://www.moviesforyou.tech/Foreign_Flame_2021_Hindi_720p,2021-08-25
https://www.moviesforyou.tech/Bigg_Boss_OTT_2021_EP_14_Hindi_Season_1_720p,2021-08-25
https://www.moviesforyou.tech/Sri_Bharatha_Baahubali_2021_Hindi_Dubbed_720p,2021-08-25
https://www.moviesforyou.tech/The_Chair_2021_Hindi_Dubbed_Season_1_Complete_720p,2021-08-25
https://www.moviesforyou.tech/Kaale_Andheron_Main_2021_Hindi_720p,2021-08-25
https://www.moviesforyou.tech/kuriyan_jawan_bapu_preshaan_2021_punjabi_720p,2021-08-25
https://www.moviesforyou.tech/manje_bistre_2_2019_punjabi,2021-08-20
https://www.moviesforyou.tech/ucha_pind_2021,2021-08-18
https://www.moviesforyou.tech/life_changer_2018,2021-08-18
https://www.moviesforyou.tech/uda_aida_2019_punjabi_720p,2021-08-14
https://www.moviesforyou.tech/daaka_2019_punjabi_720p,2021-08-08
https://www.moviesforyou.tech/khatre_da_ghuggu_2020_punjabi_720p,2021-08-07